{"cameraMode":{"drawMode":0,"name":"Shaded","section":"Shading Mode"},"sceneLighting":true,"audioPlay":false,"sceneViewState":{"showFog":true,"showMaterialUpdate":false,"showSkybox":true,"showFlares":true,"showImageEffects":true,"showParticleSystems":true},"in2DMode":false,"pivot":{"x":-1.373295783996582,"y":1.951063632965088,"z":0.3813161849975586},"rotation":{"x":0.042576469480991366,"y":0.9015204906463623,"z":-0.09119004756212235,"w":0.42090001702308657},"size":4.475766658782959,"orthographic":false}